<beans xmlns="http://www.springframework.org/schema/beans"
	xmlns:mvc="http://www.springframework.org/schema/mvc" 
	xmlns:context="http://www.springframework.org/schema/context"
	xmlns:xsi="http://www.w3.org/2001/XMLSchema-instance"
	xmlns:tx="http://www.springframework.org/schema/tx"
	xsi:schemaLocation="
        http://www.springframework.org/schema/beans     
        http://www.springframework.org/schema/beans/spring-beans.xsd
        http://www.springframework.org/schema/mvc 
        http://www.springframework.org/schema/mvc/spring-mvc.xsd
        http://www.springframework.org/schema/context 
        http://www.springframework.org/schema/context/spring-context.xsd
        http://www.springframework.org/schema/tx 
        http://www.springframework.org/schema/tx/spring-tx.xsd">
 
	<context:component-scan base-package="com.hccs.webapp" />
 
	<bean id="viewResolver"
		class="org.springframework.web.servlet.view.InternalResourceViewResolver">
		<property name="prefix" value="/WEB-INF/jsp/" />
		<property name="suffix" value=".jsp" />
	</bean>
	
	<!-- Database Specifications . This is referenced from the .properties file -->
	<bean class="org.springframework.jdbc.datasource.DriverManagerDataSource" id="dataSource">
		<property name="driverClassName" value="com.mysql.jdbc.Driver"></property>
		<property name="url" value="jdbc:mysql://localhost:3306/booksdb?useSSL=false"></property>
		<property name="username" value="root"></property>
		<property name="password" value="Admin123"></property>
	</bean>
	
	<!-- Hibernate details -->
	<bean class="org.springframework.orm.hibernate5.LocalSessionFactoryBean" id="sessionFactory">
		<property name="dataSource" ref="dataSource"></property>
		<property name="hibernateProperties">
			<props>
				<prop key="hibernate.dialect">org.hibernate.dialect.MySQLDialect</prop>
				<prop key="hibernate.show_sql">true</prop>
				<prop key="hibernate.format_sql">true</prop>
				<prop key="hibernate.default.schema">BOOKSDB</prop>
			</props>
		</property>
		<property name="annotatedClasses">
			<list>
				<value>com.hccs.webapp.Books</value>
			</list>
		</property>
		<property name="packagesToScan" value="com.hccs.webapp"></property>
	</bean>
	
	<bean class="org.springframework.orm.hibernate5.HibernateTransactionManager" id="transactionManager">
		<property name="sessionFactory" ref="sessionFactory"></property>
	</bean>
	
	<!-- Mention that the Transactions are based on the Annotation. You can mention it as a xml driven -->
	<tx:annotation-driven transaction-manager="transactionManager"></tx:annotation-driven>

</beans>